UserName/Email;Password;FirstName;LastName;PhoneNumber
ybas@onet.pl;&LDIOKIms2;Marianna;Kołata;508989445
balawenderkrystian@dmoch-bugiel.net;Z6+BRmA4%0;Robert;Krzywoń;691837769
fryderyk08@hotmail.com;8+w1IHm1WQ;Mieszko;Słomiany;500541425
igor56@gmail.com;q&^b8Ne*Qo;Tymon;Elias;738046597
pmachowicz@szymaniuk-peciak.org;0p11NViiC%;Dawid;Strawa;887467585
jozefpotoczek@onet.pl;1PY4YouD$R;Filip;Rajchel;794252063
jargilotomasz@yahoo.com;&3XrR^ozS!;Kornelia;Olszyna;323129570
patrykjonak@spoldzielnia.com;#idJqrn5F4;Cyprian;Puch;796813327
angelikaobst@bielen-kuliberda.com;UQoU63LmO!;Marianna;Krzysztoszek;514993068
syrokadominik@fpuh.com;g5_Z3fHq(Z;Kornelia;Gregorowicz;536669614
korneliasierpien@yahoo.com;IGXZuKai)0;Rozalia;Kuśka;225122990
stefanmiotke@syslo-pyzel.net;)2t946Fy#r;Rafał;Przybyś;503959095
fbecker@o2.pl;GkC49JyQV*;Marek;Tyniec;323976761
borakradoslaw@gmail.com;7ZKAtYc*&);Melania;Zbrożek;538566974
melaniawiencek@onet.pl;W(4X(bx9Hc;Nicole;Kazior;532918919
nmozdzierz@hotmail.com;^8DTlGmO1N;Olgierd;Pawełkiewicz;501465752
pokrzywamaciej@hotmail.com;_s@O8pWUo1;Cezary;Niechciał;229392620
fitamarek@onet.pl;+tMicNEs57;Olgierd;Tułacz;329320869
fkamela@grupa.com;r6n3Brdc_S;Maksymilian;Giża;539131711
eanders@smykala.pl;$y0mAPuk^5;Krzysztof;Owsiany;223369596
qchmielak@o2.pl;3*0AVl*$pJ;Maurycy;Szemraj;604356938
natasza66@o2.pl;_49HVxy%%u;Kamil;Węgrzyniak;724080196
marcelinaszemraj@yahoo.com;zU)C(4Rv#%;Radosław;Mikiciuk;511006746
sandramadrzyk@onet.pl;9%4nSeBbaD;Oskar;Pietrus;729835321
krochmalartur@grupa.net;a@53HdNC65;Arkadiusz;Korzekwa;796677253
alan77@onet.pl;SBBpfhyW^1;Jan;Trzmiel;324059799
csycz@cofala-labus.com;!+bKhau(24;Marcelina;Skutnik;697532903
vslomiany@stowarzyszenie.com;VA8UXwtEm&;Kamila;Świątkiewicz;729121911
milosz18@sidorczuk-siemienczuk.org;H*MR9CPL1u;Malwina;Kulma;881994163
hraba@fundacja.net;18L4Gxhy@z;Liwia;Niedojadło;506290248
